-- phpMyAdmin SQL Dump
-- version 5.2.0
-- https://www.phpmyadmin.net/
--
-- Хост: 127.0.0.1:3306
-- Час створення: Чрв 03 2023 р., 12:31
-- Версія сервера: 8.0.30
-- Версія PHP: 7.2.34

SET SQL_MODE = "NO_AUTO_VALUE_ON_ZERO";
START TRANSACTION;
SET time_zone = "+00:00";


/*!40101 SET @OLD_CHARACTER_SET_CLIENT=@@CHARACTER_SET_CLIENT */;
/*!40101 SET @OLD_CHARACTER_SET_RESULTS=@@CHARACTER_SET_RESULTS */;
/*!40101 SET @OLD_COLLATION_CONNECTION=@@COLLATION_CONNECTION */;
/*!40101 SET NAMES utf8mb4 */;

--
-- База даних: `energy_complex`
--

-- --------------------------------------------------------

--
-- Структура таблиці `Обладнання`
--

CREATE TABLE `Обладнання` (
  `ID` int NOT NULL,
  `Назва` text NOT NULL,
  `Тип` text NOT NULL,
  `Підприємство` int NOT NULL,
  `Постачальник` int NOT NULL
) ENGINE=InnoDB DEFAULT CHARSET=utf8mb4 COLLATE=utf8mb4_0900_ai_ci;

--
-- Дамп даних таблиці `Обладнання`
--

INSERT INTO `Обладнання` (`ID`, `Назва`, `Тип`, `Підприємство`, `Постачальник`) VALUES
(1, 'Газова турбіна GE-7F.05', 'Турбіна', 7, 3),
(2, 'Електричний генератор Siemens SGen-2000P', 'Генератор', 1, 1),
(3, 'Трансформатор T-5000', 'Трансформатор', 4, 2),
(4, 'Вітрова турбіна Vestas V117', 'Турбіна', 3, 4),
(5, 'Сонячний панельний модуль SunPower SPR-X22-370', 'Модуль', 5, 5),
(6, 'Вугільна дробарка Д-1500', 'Дробарка', 2, 6),
(7, 'Гідроагрегат Francis HLA-150', 'Гідроагрегат', 4, 3),
(8, 'Біомасовий котел KWB Easyfire 20', 'Котел', 6, 4),
(9, 'Паровий турбогенератор Toshiba TC4F-63', 'Турбогенератор', 1, 1),
(10, 'Газовий редукційний стан Siemens DRV10', 'Редукційний стан', 7, 2),
(11, 'Газовий турбокомпресор Dresser-Rand DATUM 7H2', 'Турбокомпресор', 7, 3),
(12, 'Водяний теплообмінник Alfa Laval AQ4L', 'Теплообмінник', 2, 6),
(13, 'Сонячний інвертор SMA Sunny Tripower 15000TL', 'Інвертор', 5, 5),
(14, ' Вітровий генератор Enercon E-115', 'Генератор', 3, 4),
(15, 'Вугільний підйомник SGB1200/14', 'Підйомник', 2, 6),
(16, 'Гідроелектротурбіна Pelton G500', 'Турбіна', 4, 3),
(17, 'Біомасова сушильна установка Bühler BTSD', 'Сушильна установка', 6, 1),
(18, 'Парогенератор Bosch UL-S', 'Парогенератор', 1, 1),
(19, 'Газовий паливний клапан Honeywell VC6013', 'Паливний клапан', 7, 2),
(20, 'Соларний колектор Viessmann Vitosol 200-FM', 'Колектор', 5, 5);

-- --------------------------------------------------------

--
-- Структура таблиці `Енергетичні підприємства`
--

CREATE TABLE `Енергетичні підприємства` (
  `ID` int NOT NULL,
  `Назва` text NOT NULL,
  `Адреса` text NOT NULL,
  `Тип` int NOT NULL
) ENGINE=InnoDB DEFAULT CHARSET=utf8mb4 COLLATE=utf8mb4_0900_ai_ci;

--
-- Дамп даних таблиці `Енергетичні підприємства`
--

INSERT INTO `Енергетичні підприємства` (`ID`, `Назва`, `Адреса`, `Тип`) VALUES
(1, 'Державна атомна електростанція \"Запоріжжя\"', 'вул. Енергетиків, 1, м. Запоріжжя, Україна', 2),
(2, 'Приватна теплова електростанція \"ТеплоЕнерго\"', 'вул. Центральна, 10, м. Харків, Україна', 1),
(3, 'Комунальна вітрова ферма \"Еко-Вітер\"', 'с. Зелене Поле, обл. Львівська, Україна', 3),
(4, 'Приватна гідроелектростанція \"ГідроЕнергія\"', 'вул. Річкова, 5, м. Ужгород, Україна', 4),
(5, 'Державна сонячна електростанція \"Сонячна Енергія\"', 'с. Слобідка, обл. Київська, Україна', 5),
(6, 'Приватна біомасова електростанція \"Еко-Біо\"', 'вул. Лісова, 2, м. Івано-Франківськ, Україна', 6),
(7, 'Державна газова турбінна електростанція \"УкрГазТурбо\"', 'вул. Газова, 8, м. Київ, Україна', 7),
(8, 'Приватна гібридна електростанція \"Еко-Енерго\"', 'вул. Енергетична, 3, м. Одеса, Україна', 8),
(9, 'Комунальне теплове заводоуправління \"ТеплоСервіс\"', 'вул. Перемоги, 25, м. Дніпро, Україна', 9),
(10, ' Державний газопереробний комплекс \"Газопереробка-Україна\"', 'вул. Хіміків, 12, м. Львів, Україна', 10);

-- --------------------------------------------------------

--
-- Структура таблиці `Енергопостачання`
--

CREATE TABLE `Енергопостачання` (
  `ID` int NOT NULL,
  `Дата` date NOT NULL,
  `Підприємство` int NOT NULL,
  `Енергоресурс` int NOT NULL,
  `Обсяг` decimal(10,0) NOT NULL
) ENGINE=InnoDB DEFAULT CHARSET=utf8mb4 COLLATE=utf8mb4_0900_ai_ci;

--
-- Дамп даних таблиці `Енергопостачання`
--

INSERT INTO `Енергопостачання` (`ID`, `Дата`, `Підприємство`, `Енергоресурс`, `Обсяг`) VALUES
(1, '2023-01-15', 2, 3, '5000'),
(2, '2023-02-28', 3, 4, '10000'),
(3, '2023-03-10', 2, 1, '8000'),
(4, '2023-04-22', 5, 5, '12000'),
(5, '2023-05-05', 4, 7, '6000'),
(6, '2023-06-18', 6, 6, '9000'),
(7, '2023-07-01', 8, 10, '7000'),
(8, '2023-08-14', 3, 4, '11000'),
(9, '2023-09-27', 1, 9, '5500'),
(10, '2023-10-10', 4, 7, '7500');

-- --------------------------------------------------------

--
-- Структура таблиці `Енергоресурси`
--

CREATE TABLE `Енергоресурси` (
  `ID` int NOT NULL,
  `Назва` text NOT NULL,
  `Опис` text NOT NULL,
  `Одиниця виміру` text NOT NULL
) ENGINE=InnoDB DEFAULT CHARSET=utf8mb4 COLLATE=utf8mb4_0900_ai_ci;

--
-- Дамп даних таблиці `Енергоресурси`
--

INSERT INTO `Енергоресурси` (`ID`, `Назва`, `Опис`, `Одиниця виміру`) VALUES
(1, 'Вугілля', 'Паливо, отримане з викопування та обробки вугільних покладів.', 'Тонни'),
(2, 'Газ ', 'Природний газ, видобуваний з підземних родовищ або отриманий в процесі ', 'Кубічні метри'),
(3, 'Нафта', 'Паливо, що складається з різних органічних речовин, видобуваних з нафтових родовищ.', 'Барелі'),
(4, 'Вітер', 'Вітрова енергія, отримана за допомогою вітрових турбін.', 'Кіловат-години'),
(5, 'Сонце', 'Сонячна енергія, отримана з використанням сонячних панелей або концентраторів.', 'Кіловат-години'),
(6, 'Біомаса', 'Енергія, отримана з органічних речовин, таких як деревина, багаторічні трави, сільськогосподарські відходи тощо.', 'Тонни'),
(7, 'Гідроенергія', 'Енергія, отримана від руху води, наприклад, від річок, водосховищ або припливно-відпливних систем.', 'Кіловат-години'),
(8, 'Геотермальна енергія', 'Енергія, отримана з тепла, що зберігається в земному ядрі або гарячих джерелах.', 'Кіловат-години'),
(9, 'Ядерна енергія', 'Енергія, отримана в результаті ядерних реакцій, таких як ядерний поділ або ядерний синтез.', 'Кіловат-години'),
(10, 'Газовий конденсат', 'Вуглеводневий продукт, що утворюється при виділенні газу з нафти або газового родовища.', 'Барелі');

-- --------------------------------------------------------

--
-- Структура таблиці `Постачальники обладнання`
--

CREATE TABLE `Постачальники обладнання` (
  `ID` int NOT NULL,
  `Назва` text NOT NULL,
  `Адреса` text NOT NULL,
  `Контактна особа` text NOT NULL,
  `Контактні данні` text NOT NULL
) ENGINE=InnoDB DEFAULT CHARSET=utf8mb4 COLLATE=utf8mb4_0900_ai_ci;

--
-- Дамп даних таблиці `Постачальники обладнання`
--

INSERT INTO `Постачальники обладнання` (`ID`, `Назва`, `Адреса`, `Контактна особа`, `Контактні данні`) VALUES
(1, 'ВАТ \"Енергомаш\"', 'вул. Лісна, 12, м. Київ, Україна', 'Олександр Іванов', 'ivanov@example.com, +38 (067) 123-4567'),
(2, 'ТОВ \"Енерготехпостач\"', 'вул. Сонячна, 5, м. Львів, Україна', 'Марія Петренко', 'petrenko@example.com, +38 (066) 987-6543'),
(3, 'ПП \"Енергообладнання-Україна\"', 'вул. Перемоги, 20, м. Харків, Україна', 'Володимир Сидоренко', 'sidorenko@example.com, +38 (050) 111-2222'),
(4, 'ТОВ \"Енергопром\"', 'вул. Шевченка, 10, м. Дніпро, Україна', 'Олена Коваленко', 'kovalenko@example.com, +38 (067) 765-4321'),
(5, 'ПАТ \"Електротехніка\"', 'пр. Миру, 15, м. Одеса, Україна', 'Віктор Литвиненко', ' litvinenko@example.com, +38 (048) 555-9999'),
(6, 'ФОП \"Енергозбут\"', 'вул. Гагаріна, 30, м. Хмельницький, Україна', 'Ірина Степаненко', 'stepanenko@example.com, +38 (063) 777-8888');

-- --------------------------------------------------------

--
-- Структура таблиці `Типи підприємств`
--

CREATE TABLE `Типи підприємств` (
  `ID` int NOT NULL,
  `Назва` text NOT NULL
) ENGINE=InnoDB DEFAULT CHARSET=utf8mb4 COLLATE=utf8mb4_0900_ai_ci;

--
-- Дамп даних таблиці `Типи підприємств`
--

INSERT INTO `Типи підприємств` (`ID`, `Назва`) VALUES
(1, 'Теплова електростанція'),
(2, 'Ядерна електростанція'),
(3, 'Вітрова ферма'),
(4, 'Гідроелектростанція'),
(5, 'Сонячна електростанція'),
(6, 'Біомасова електростанція'),
(7, 'Газова турбінна електростанція'),
(8, 'Гібридна електростанція'),
(9, 'Теплове заводоуправління'),
(10, 'Газопереробний комплекс');

--
-- Індекси збережених таблиць
--

--
-- Індекси таблиці `Обладнання`
--
ALTER TABLE `Обладнання`
  ADD PRIMARY KEY (`ID`),
  ADD KEY `Підприємство` (`Підприємство`),
  ADD KEY `Постачальник` (`Постачальник`);

--
-- Індекси таблиці `Енергетичні підприємства`
--
ALTER TABLE `Енергетичні підприємства`
  ADD PRIMARY KEY (`ID`),
  ADD KEY `Тип` (`Тип`);

--
-- Індекси таблиці `Енергопостачання`
--
ALTER TABLE `Енергопостачання`
  ADD PRIMARY KEY (`ID`),
  ADD KEY `Підприємство` (`Підприємство`),
  ADD KEY `Енергоресурс` (`Енергоресурс`);

--
-- Індекси таблиці `Енергоресурси`
--
ALTER TABLE `Енергоресурси`
  ADD PRIMARY KEY (`ID`);

--
-- Індекси таблиці `Постачальники обладнання`
--
ALTER TABLE `Постачальники обладнання`
  ADD PRIMARY KEY (`ID`);

--
-- Індекси таблиці `Типи підприємств`
--
ALTER TABLE `Типи підприємств`
  ADD PRIMARY KEY (`ID`);

--
-- AUTO_INCREMENT для збережених таблиць
--

--
-- AUTO_INCREMENT для таблиці `Обладнання`
--
ALTER TABLE `Обладнання`
  MODIFY `ID` int NOT NULL AUTO_INCREMENT, AUTO_INCREMENT=21;

--
-- AUTO_INCREMENT для таблиці `Енергетичні підприємства`
--
ALTER TABLE `Енергетичні підприємства`
  MODIFY `ID` int NOT NULL AUTO_INCREMENT, AUTO_INCREMENT=11;

--
-- AUTO_INCREMENT для таблиці `Енергопостачання`
--
ALTER TABLE `Енергопостачання`
  MODIFY `ID` int NOT NULL AUTO_INCREMENT, AUTO_INCREMENT=11;

--
-- AUTO_INCREMENT для таблиці `Енергоресурси`
--
ALTER TABLE `Енергоресурси`
  MODIFY `ID` int NOT NULL AUTO_INCREMENT, AUTO_INCREMENT=11;

--
-- AUTO_INCREMENT для таблиці `Постачальники обладнання`
--
ALTER TABLE `Постачальники обладнання`
  MODIFY `ID` int NOT NULL AUTO_INCREMENT, AUTO_INCREMENT=10;

--
-- AUTO_INCREMENT для таблиці `Типи підприємств`
--
ALTER TABLE `Типи підприємств`
  MODIFY `ID` int NOT NULL AUTO_INCREMENT, AUTO_INCREMENT=11;

--
-- Обмеження зовнішнього ключа збережених таблиць
--

--
-- Обмеження зовнішнього ключа таблиці `Обладнання`
--
ALTER TABLE `Обладнання`
  ADD CONSTRAINT `обладнання_ibfk_3` FOREIGN KEY (`Постачальник`) REFERENCES `Постачальники обладнання` (`ID`) ON DELETE RESTRICT ON UPDATE RESTRICT,
  ADD CONSTRAINT `обладнання_ibfk_4` FOREIGN KEY (`Підприємство`) REFERENCES `Енергетичні підприємства` (`ID`) ON DELETE RESTRICT ON UPDATE RESTRICT;

--
-- Обмеження зовнішнього ключа таблиці `Енергетичні підприємства`
--
ALTER TABLE `Енергетичні підприємства`
  ADD CONSTRAINT `енергетичні підприємства_ibfk_1` FOREIGN KEY (`Тип`) REFERENCES `Типи підприємств` (`ID`) ON DELETE RESTRICT ON UPDATE RESTRICT;

--
-- Обмеження зовнішнього ключа таблиці `Енергопостачання`
--
ALTER TABLE `Енергопостачання`
  ADD CONSTRAINT `енергопостачання_ibfk_1` FOREIGN KEY (`Енергоресурс`) REFERENCES `Енергоресурси` (`ID`) ON DELETE RESTRICT ON UPDATE RESTRICT,
  ADD CONSTRAINT `енергопостачання_ibfk_2` FOREIGN KEY (`Підприємство`) REFERENCES `Енергетичні підприємства` (`ID`) ON DELETE RESTRICT ON UPDATE RESTRICT;
COMMIT;

/*!40101 SET CHARACTER_SET_CLIENT=@OLD_CHARACTER_SET_CLIENT */;
/*!40101 SET CHARACTER_SET_RESULTS=@OLD_CHARACTER_SET_RESULTS */;
/*!40101 SET COLLATION_CONNECTION=@OLD_COLLATION_CONNECTION */;
